filename,annot
rh.HCP-MMP1.annot.ply,rh.HCP-MMP1.annot
rh.inflated_roi.0001.ply,???
rh.inflated_roi.0002.ply,R_V1_ROI
rh.inflated_roi.0003.ply,R_MST_ROI
rh.inflated_roi.0004.ply,R_V6_ROI
rh.inflated_roi.0005.ply,R_V2_ROI
rh.inflated_roi.0006.ply,R_V3_ROI
rh.inflated_roi.0007.ply,R_V4_ROI
rh.inflated_roi.0008.ply,R_V8_ROI
rh.inflated_roi.0009.ply,R_4_ROI
rh.inflated_roi.0010.ply,R_3b_ROI
rh.inflated_roi.0011.ply,R_FEF_ROI
rh.inflated_roi.0012.ply,R_PEF_ROI
rh.inflated_roi.0013.ply,R_55b_ROI
rh.inflated_roi.0014.ply,R_V3A_ROI
rh.inflated_roi.0015.ply,R_RSC_ROI
rh.inflated_roi.0016.ply,R_POS2_ROI
rh.inflated_roi.0017.ply,R_V7_ROI
rh.inflated_roi.0018.ply,R_IPS1_ROI
rh.inflated_roi.0019.ply,R_FFC_ROI
rh.inflated_roi.0020.ply,R_V3B_ROI
rh.inflated_roi.0021.ply,R_LO1_ROI
rh.inflated_roi.0022.ply,R_LO2_ROI
rh.inflated_roi.0023.ply,R_PIT_ROI
rh.inflated_roi.0024.ply,R_MT_ROI
rh.inflated_roi.0025.ply,R_A1_ROI
rh.inflated_roi.0026.ply,R_PSL_ROI
rh.inflated_roi.0027.ply,R_SFL_ROI
rh.inflated_roi.0028.ply,R_PCV_ROI
rh.inflated_roi.0029.ply,R_STV_ROI
rh.inflated_roi.0030.ply,R_7Pm_ROI
rh.inflated_roi.0031.ply,R_7m_ROI
rh.inflated_roi.0032.ply,R_POS1_ROI
rh.inflated_roi.0033.ply,R_23d_ROI
rh.inflated_roi.0034.ply,R_v23ab_ROI
rh.inflated_roi.0035.ply,R_d23ab_ROI
rh.inflated_roi.0036.ply,R_31pv_ROI
rh.inflated_roi.0037.ply,R_5m_ROI
rh.inflated_roi.0038.ply,R_5mv_ROI
rh.inflated_roi.0039.ply,R_23c_ROI
rh.inflated_roi.0040.ply,R_5L_ROI
rh.inflated_roi.0041.ply,R_24dd_ROI
rh.inflated_roi.0042.ply,R_24dv_ROI
rh.inflated_roi.0043.ply,R_7AL_ROI
rh.inflated_roi.0044.ply,R_SCEF_ROI
rh.inflated_roi.0045.ply,R_6ma_ROI
rh.inflated_roi.0046.ply,R_7Am_ROI
rh.inflated_roi.0047.ply,R_7PL_ROI
rh.inflated_roi.0048.ply,R_7PC_ROI
rh.inflated_roi.0049.ply,R_LIPv_ROI
rh.inflated_roi.0050.ply,R_VIP_ROI
rh.inflated_roi.0051.ply,R_MIP_ROI
rh.inflated_roi.0052.ply,R_1_ROI
rh.inflated_roi.0053.ply,R_2_ROI
rh.inflated_roi.0054.ply,R_3a_ROI
rh.inflated_roi.0055.ply,R_6d_ROI
rh.inflated_roi.0056.ply,R_6mp_ROI
rh.inflated_roi.0057.ply,R_6v_ROI
rh.inflated_roi.0058.ply,R_p24pr_ROI
rh.inflated_roi.0059.ply,R_33pr_ROI
rh.inflated_roi.0060.ply,R_a24pr_ROI
rh.inflated_roi.0061.ply,R_p32pr_ROI
rh.inflated_roi.0062.ply,R_a24_ROI
rh.inflated_roi.0063.ply,R_d32_ROI
rh.inflated_roi.0064.ply,R_8BM_ROI
rh.inflated_roi.0065.ply,R_p32_ROI
rh.inflated_roi.0066.ply,R_10r_ROI
rh.inflated_roi.0067.ply,R_47m_ROI
rh.inflated_roi.0068.ply,R_8Av_ROI
rh.inflated_roi.0069.ply,R_8Ad_ROI
rh.inflated_roi.0070.ply,R_9m_ROI
rh.inflated_roi.0071.ply,R_8BL_ROI
rh.inflated_roi.0072.ply,R_9p_ROI
rh.inflated_roi.0073.ply,R_10d_ROI
rh.inflated_roi.0074.ply,R_8C_ROI
rh.inflated_roi.0075.ply,R_44_ROI
rh.inflated_roi.0076.ply,R_45_ROI
rh.inflated_roi.0077.ply,R_47l_ROI
rh.inflated_roi.0078.ply,R_a47r_ROI
rh.inflated_roi.0079.ply,R_6r_ROI
rh.inflated_roi.0080.ply,R_IFJa_ROI
rh.inflated_roi.0081.ply,R_IFJp_ROI
rh.inflated_roi.0082.ply,R_IFSp_ROI
rh.inflated_roi.0083.ply,R_IFSa_ROI
rh.inflated_roi.0084.ply,R_p9-46v_ROI
rh.inflated_roi.0085.ply,R_46_ROI
rh.inflated_roi.0086.ply,R_a9-46v_ROI
rh.inflated_roi.0087.ply,R_9-46d_ROI
rh.inflated_roi.0088.ply,R_9a_ROI
rh.inflated_roi.0089.ply,R_10v_ROI
rh.inflated_roi.0090.ply,R_a10p_ROI
rh.inflated_roi.0091.ply,R_10pp_ROI
rh.inflated_roi.0092.ply,R_11l_ROI
rh.inflated_roi.0093.ply,R_13l_ROI
rh.inflated_roi.0094.ply,R_OFC_ROI
rh.inflated_roi.0095.ply,R_47s_ROI
rh.inflated_roi.0096.ply,R_LIPd_ROI
rh.inflated_roi.0097.ply,R_6a_ROI
rh.inflated_roi.0098.ply,R_i6-8_ROI
rh.inflated_roi.0099.ply,R_s6-8_ROI
rh.inflated_roi.0100.ply,R_43_ROI
rh.inflated_roi.0101.ply,R_OP4_ROI
rh.inflated_roi.0102.ply,R_OP1_ROI
rh.inflated_roi.0103.ply,R_OP2-3_ROI
rh.inflated_roi.0104.ply,R_52_ROI
rh.inflated_roi.0105.ply,R_RI_ROI
rh.inflated_roi.0106.ply,R_PFcm_ROI
rh.inflated_roi.0107.ply,R_PoI2_ROI
rh.inflated_roi.0108.ply,R_TA2_ROI
rh.inflated_roi.0109.ply,R_FOP4_ROI
rh.inflated_roi.0110.ply,R_MI_ROI
rh.inflated_roi.0111.ply,R_Pir_ROI
rh.inflated_roi.0112.ply,R_AVI_ROI
rh.inflated_roi.0113.ply,R_AAIC_ROI
rh.inflated_roi.0114.ply,R_FOP1_ROI
rh.inflated_roi.0115.ply,R_FOP3_ROI
rh.inflated_roi.0116.ply,R_FOP2_ROI
rh.inflated_roi.0117.ply,R_PFt_ROI
rh.inflated_roi.0118.ply,R_AIP_ROI
rh.inflated_roi.0119.ply,R_EC_ROI
rh.inflated_roi.0120.ply,R_PreS_ROI
rh.inflated_roi.0121.ply,R_H_ROI
rh.inflated_roi.0122.ply,R_ProS_ROI
rh.inflated_roi.0123.ply,R_PeEc_ROI
rh.inflated_roi.0124.ply,R_STGa_ROI
rh.inflated_roi.0125.ply,R_PBelt_ROI
rh.inflated_roi.0126.ply,R_A5_ROI
rh.inflated_roi.0127.ply,R_PHA1_ROI
rh.inflated_roi.0128.ply,R_PHA3_ROI
rh.inflated_roi.0129.ply,R_STSda_ROI
rh.inflated_roi.0130.ply,R_STSdp_ROI
rh.inflated_roi.0131.ply,R_STSvp_ROI
rh.inflated_roi.0132.ply,R_TGd_ROI
rh.inflated_roi.0133.ply,R_TE1a_ROI
rh.inflated_roi.0134.ply,R_TE1p_ROI
rh.inflated_roi.0135.ply,R_TE2a_ROI
rh.inflated_roi.0136.ply,R_TF_ROI
rh.inflated_roi.0137.ply,R_TE2p_ROI
rh.inflated_roi.0138.ply,R_PHT_ROI
rh.inflated_roi.0139.ply,R_PH_ROI
rh.inflated_roi.0140.ply,R_TPOJ1_ROI
rh.inflated_roi.0141.ply,R_TPOJ2_ROI
rh.inflated_roi.0142.ply,R_TPOJ3_ROI
rh.inflated_roi.0143.ply,R_DVT_ROI
rh.inflated_roi.0144.ply,R_PGp_ROI
rh.inflated_roi.0145.ply,R_IP2_ROI
rh.inflated_roi.0146.ply,R_IP1_ROI
rh.inflated_roi.0147.ply,R_IP0_ROI
rh.inflated_roi.0148.ply,R_PFop_ROI
rh.inflated_roi.0149.ply,R_PF_ROI
rh.inflated_roi.0150.ply,R_PFm_ROI
rh.inflated_roi.0151.ply,R_PGi_ROI
rh.inflated_roi.0152.ply,R_PGs_ROI
rh.inflated_roi.0153.ply,R_V6A_ROI
rh.inflated_roi.0154.ply,R_VMV1_ROI
rh.inflated_roi.0155.ply,R_VMV3_ROI
rh.inflated_roi.0156.ply,R_PHA2_ROI
rh.inflated_roi.0157.ply,R_V4t_ROI
rh.inflated_roi.0158.ply,R_FST_ROI
rh.inflated_roi.0159.ply,R_V3CD_ROI
rh.inflated_roi.0160.ply,R_LO3_ROI
rh.inflated_roi.0161.ply,R_VMV2_ROI
rh.inflated_roi.0162.ply,R_31pd_ROI
rh.inflated_roi.0163.ply,R_31a_ROI
rh.inflated_roi.0164.ply,R_VVC_ROI
rh.inflated_roi.0165.ply,R_25_ROI
rh.inflated_roi.0166.ply,R_s32_ROI
rh.inflated_roi.0167.ply,R_pOFC_ROI
rh.inflated_roi.0168.ply,R_PoI1_ROI
rh.inflated_roi.0169.ply,R_Ig_ROI
rh.inflated_roi.0170.ply,R_FOP5_ROI
rh.inflated_roi.0171.ply,R_p10p_ROI
rh.inflated_roi.0172.ply,R_p47r_ROI
rh.inflated_roi.0173.ply,R_TGv_ROI
rh.inflated_roi.0174.ply,R_MBelt_ROI
rh.inflated_roi.0175.ply,R_LBelt_ROI
rh.inflated_roi.0176.ply,R_A4_ROI
rh.inflated_roi.0177.ply,R_STSva_ROI
rh.inflated_roi.0178.ply,R_TE1m_ROI
rh.inflated_roi.0179.ply,R_PI_ROI
rh.inflated_roi.0180.ply,R_a32pr_ROI
rh.inflated_roi.0181.ply,R_p24_ROI
